S.No.,Date,Location(Local),Location(District),Loss and damage(Words),Reference,Deaths(Numbers),People Missing(Numbers),Animal deaths(Numbers),Property Loss(Numbers)
1,20-07-1970,Birahi Ganga,Chamoli,N/A,Rana et al. 2013,0,0,0,0
2,20-07-1970,Ganai,Almora,Killing 200 persons while uncounted animals were lost and damaged 33 houses completely,Joshi and Kumar 2006,200,0,0,33
3,19-07-1971,Dobata,Pithoragarh,Killed 12 people and buried 35 houses,Sajwan and Khanduri 2018,12,0,0,35
4,05-08-1978,Kanoldiya Gad,Uttarkashi,"Several villages were marooned, Maneri-Bhali HEP suffered heavily damaged and most of the shops and houses in Joshiara near Uttarkashi were swept away",Khanduri 2020,0,0,0,4
5,17-06-1979,Saikot,Chamoli,Killing 3 persons while 70 animals were lost and damaged to 50 houses,Joshi and Kumar 2006,3,0,70,50
6,17-08-1979,"Kuntha, Ukhimath",Rudraprayag,Killing 39 persons while 39 animals were lost and damaged to 20 houses,Joshi and Kumar 2006,39,0,39,20
7,17-08-1979,Sirwari,Rudraprayag,Killing 13 persons while 150 animals were lost and damaged to 34 houses,Joshi and Kumar 2006,13,0,150,34
8,25-06-1980,Gyansu Nala,Uttarkashi,24 persons were killed and washed away many houses in its vicinity,Khanduri 2020,24,0,0,5
9,31-07-1982,Mandakhal Chennil,Pauri Garhwal,Killing 3 persons while 80 animals were lost and damaged to 8 houses,Joshi and Kumar 2006,3,0,80,8
10,22-07-1983,Karmi-Kapkot,Bageshwar,"6 houses were washed away, 25 persons were missing and 20 cattle lost",Anbalagan 1996,0,20,20,6
11,01-08-1989,Thalisain,Pauri Garhwal,N/A,Khanduri et al. 2018,0,0,0,0
12,05-09-1989,Karanprayag,Chamoli,3 people died and two injured,Pandey and Vishwakarma 2020,3,0,0,0
13,01-08-1991,Mandal,Chamoli,N/A,Khanduri et al. 2018,0,0,0,0
14,16-08-1991,Dewar Khandora,Chamoli,"2 human casualties, 51 cattle lost and 4 houses perished",Joshi and Maikhuri 1997,2,0,51,4
15,26-12-1991,N/A,Uttarkashi,3 people died,Pandey and Vishwakarma 2020,3,0,0,0
16,02-09-1992,"Khankrakhet, Gadni",Chamoli,Killing 14 persons while damaging 31 houses,Joshi and Kumar 2006,14,0,0,31
17,10-07-1994,Chaukhutia,Almora,4 people died,Pandey and Vishwakarma 2020,4,0,0,0
18,13-08-1995,Bhitai Malli,Pauri Garhwal,Killing 13 persons while damaging 6 houses,Joshi and Kumar 2006,13,0,0,6
19,17-07-1996,Berinaga,Pithoragarh,Killing 18 persons while 85 animals lost,Joshi and Kumar 2006,18,0,85,0
20,26-07-1996,Raintoli,Pithoragarh,Killed 16 villagers,Sajwan and Khanduri 2018,16,0,0,0
21,02-08-1997,Near Neelkanth Mahadev Temple,Haridwar,8 People died,Pandey and Mishra 2015,8,0,0,0
22,17-08-1998,"Malpa, Alaknanda",Pithoragarh,221 people died,Sajwan and Khanduri 2018,221,0,0,0
23,19-08-1998,Okhimath,Rudraprayag,Killing 103 persons while 422 animals were lost and damaged to 820 houses,Joshi and Kumar 2006,103,0,422,820
24,16-07-2001,"Phat-Byung, Ukhimath",Rudraprayag,Killing 27 persons while 64 animals were lost and damaged to 22 houses,Khanduri 2020,27,0,64,22
25,17-07-2001,Near kunda,Rudraprayag,27 people died,Pandey and Vishwakarma 2020,27,0,0,0
26,27-07-2001,"Khetgaon, Dharchula",Pithoragarh,Killed 5 people,Sajwan and Khanduri 2018,5,0,0,0
27,11-08-2001,Phata,Rudraprayag,Killing 27 persons while 64 animals were lost and damaged to 22 houses,Joshi and Kumar 2006,27,0,64,22
28,31-08-2001,Gona,Tehri Garhwal,7 persons were killed while 12 were injured together with 7 cattle lost and 28 houses completely damaged,Khanduri 2020,7,0,7,28
29,12-07-2002,Khetgaon,Pithoragarh,Killing 4 people while 1 person missing and 20 animals were lost together with damage to 7 houses,Khanduri 2020,4,1,20,7
30,10-08-2002,Boodha Kedar,Tehri Garhwal,"28 persons were killed while 99 cattle were lost, 151 houses together with a micro-hydropower plant were damaged",Khanduri 2020,28,0,99,152
31,19-08-2002,Bhatwari,Uttarkashi,Killing 5 people while 26 animals lost,Khanduri 2020,5,0,26,0
32,15-07-2003,Didihat,Pithoragarh,4 people died,Pandey and Vishwakarma 2020,4,0,0,0
33,29-08-2003,Sarnol,Uttarkashi,207 animals were lost,Khanduri 2020,0,0,207,0
34,21-05-2004,Kapkot,Bageshwar,6 people died,Pandey and Vishwakarma 2020,6,0,0,0
35,09-06-2004,Kapkot,Bageshwar,N/A,Pandey and Vishwakarma 2020,0,0,0,0
36,06-07-2004,Alaknanda river basin,N/A,At least 17 people were killed and 28 injured when three vehicles were swept into the Alaknanda river,Pandey and Vishwakarma 2020,17,0,0,3
37,14-09-2004,Ranikhet,Almora,1 people died,Pandey and Vishwakarma 2020,1,0,0,0
38,23-09-2004,"Amparav, Kathgodam",Nainital,Killing 3 persons while 7 residential and commercial structures were destroyed in the incident and a total of 8.9 hac agricultural fields were damaged,Khanduri 2020,3,0,0,7
39,24-09-2004,Near Badrinath,Chamoli,A stretch of 200 Rishikesh-Badrinath road (NH 58) was completely damaged,Khanduri 2020,0,0,0,1
40,21-06-2005,"Teela, Thalisain",Pauri Garhwal,Killing 30 animals and 6 houses completely damaged,Khanduri 2020,0,0,30,6
41,30-06-2005,Govindghat,Chamoli,"11 people lost their lives, and more than 200 vehicles, 20 shops, Hotels, and human settlements had been washed away",Khanduri 2020,11,0,0,222
42,21-07-2005,Vijaynagar,Rudraprayag,4 human lives were lost and 14 houses were destroyed,Khanduri 2020,4,0,0,14
43,21-07-2005,"Jhuni, Kapkot",Bageshwar,Killed 1 person while 3 cattle were lost and 6 houses destroyed,Khanduri 2020,1,0,3,6
44,17-08-2005,Ramolsari,Tehri Garhwal,N/A,DMP,0,0,0,0
45,18-08-2005,"Semla tok of rathi village, dharchula",Pithoragarh,8 persons were killed while 129 animals lost,Khanduri 2020,8,0,129,0
46,27-08-2005,"Atholi village, Bhatwari",Uttarkashi,15 animals were lost and 3 cow sheds destroyed,Khanduri 2020,0,0,3,3
47,26-07-2006,"Ladoli, Devali, Gholtir and Gurayal",Rudraprayag,19 animals were killed while 6 shops and 8 houses were partially damaged,Khanduri 2020,0,0,0,14
48,11-08-2006,Chamoli Tehsil,Chamoli,18 mud houses were partially damaged,Khanduri 2020,0,0,0,18
49,12-07-2007,Devpuri area,Chamoli,5 persons were killed,Sajwan and Khanduri 2018,5,0,0,0
50,13-08-2007,Didihat,Pithoragarh,4 people died,Pandey and Vishwakarma 2020,4,0,0,0
51,01-09-2007,Baram,Pithoragarh,5 persons were killed and 9 others were feared dead,Khanduri 2020,5,9,0,0
52,06-09-2007,Dharchula,Pithoragarh,15 fatalities and loss of livestock,Pandey and Vishwakarma 2020,15,0,0,0
53,12-09-2007,Baran,Pithoragarh,9 persons killed,Sajwan and Khanduri 2018,9,0,0,0
54,25-07-2009,Joshimath,Chamoli,3 people died,NIDM,3,0,0,0
55,08-08-2009,Jhakhla and Lah,Pithoragarh,Wiped out 2 villages,Sajwan and Khanduri 2018,0,0,0,2
56,18-08-2009,Munsyari,Pithoragarh,43 people died,Pandey and Vishwakarma 2020,43,0,0,0
57,19-07-2010,Kot,Pauri Garhwal,6 people died,NIDM,6,0,0,0
58,18-08-2010,Dhari,Nainital,30 people died and 3 injured,NIDM,30,0,0,0
59,18-08-2010,Kapkot,Bageshwar,18 school children were buried alive and 8 injured due to a massive cloudburst,Pandey and Vishwakarma 2020,18,0,0,1
60,08-09-2010,Karanprayag,Chamoli,3 people died,NIDM,3,0,0,0
61,11-09-2010,Nyalgarh,Pauri Garhwal,3 people died,NIDM,3,0,0,0
62,18-09-2010,Sumgarh,Bageshwar,"18 children of classes I and II of a private primary school, Saraswati Shishu Mandir were buried alive under rock debris",Khanduri 2020,18,0,0,1
63,18-09-2010,Jwalapur kasims,Haridwar,5 people died and 2 injured,NIDM,5,0,0,0
64,20-09-2010,Dhari,Nainital,5 people died and 12 injured,NIDM,5,0,0,0
65,22-09-2010,Kot,Pauri Garhwal,5 people died,NIDM,5,0,0,0
66,06-05-2011,Raipur,Dehradun,3 people died,Pandey and Vishwakarma 2020,3,0,0,0
67,15-08-2011,Tuneda,Bageshwar,21 people died and 1 injured,Pandey and Vishwakarma 2020,21,0,0,0
68,03-08-2012,Pandrasu ridge,Pauri Garhwal,"35 humans, 436 livestock lost and 591 houses damaged",Dimri et al. 2017,35,0,436,951
69,03-08-2012,Asiganga,Uttarkashi,"36 human beings and 436 livestock dead, and affected about 12,000 people, damaging property worth about Rs 612 crore",Gupta et al. 2013,36,0,0,1
70,13-09-2012,Ukhimath,Rudraprayag,66 humans died,Dimri et al. 2017,66,0,0,0
71,16-06-2013,Kedarnath; Mandakini Valley,Rudraprayag,Persons injured: 71; Silted agricultural land: 1 ha; Agricultural land lost: 4279 ha; Crop loss: 8 ha,USDMA Report (2016),30,3998,2771,1724
72,16-06-2013,Joshimath; Alaknanda Valley,Chamoli,Persons injured: 31; Silted agricultural land: 379 ha; Agricultural land lost: 242 ha; Crop loss: 245 ha,USDMA Report (2016),33,0,1119,3401
73,16-06-2013,Gangotri; Yamunotri,Uttarkashi,Persons injured: 29; Silted agricultural land: 341 ha; Agricultural land lost: 339 ha; Crop loss: 103 ha,USDMA Report (2016),14,0,474,2743
74,16-06-2013,Tawaghat; Kali Valley,Pithoragarh,Persons injured: 49; Silted agricultural land: 12 ha; Agricultural land lost: 5575 ha; Crop loss: 113 ha,USDMA Report (2016),19,21,5263,1439
75,16-06-2013,Bageshwar,Bageshwar,Persons injured: 3; Silted agricultural land: 8 ha; Agricultural land lost: 234 ha; Crop loss: 28 ha,USDMA Report (2016),4,0,665,288
76,31-07-2014,N/A,Tehri Garhwal,At least 4 people were reported dead,Pandey and Vishwakarma 2020,4,0,0,0
77,28-05-2016,"Kemra, Kothiara",Tehri Garhwal,"120 houses, 100 animals",Dimri et al. 2017,0,0,100,120
78,28-05-2016,Vijaynagar,Tehri Garhwal,N/A,Dimri et al. 2017,0,0,0,0
79,28-05-2016,Ghansali,Tehri Garhwal,"6 people died, and at least 50 residential houses and more than 100 animals were buried",Sajwan et al. 2017,6,0,100,50
80,30-06-2016,Ghat,Chamoli,30 people were killed and 2 houses were washed away,Sajwan et al. 2017,30,0,0,2
81,01-07-2016,N/A,Chamoli,30 people were killed and Several homes in remote villages have been buried,Pandey and Mishra 2018,30,0,0,1
82,01-07-2016,Bastari,Pithoragarh,At least 30 people were dead and several houses destroyed or washed away,Sajwan et al. 2017,30,0,0,1
83,26-05-2017,Tatalgaon and Bijrani near Chukhutia,Almora,Life of loss of 8 domestic animals and one house buried,Khanduri 2020,0,0,8,1
84,14-08-2017,Malpa,Pithoragarh,8 Persons were killed while 10 people were missing and 4 shops were washed out,Sajwan and Khanduri 2018,8,10,0,4
85,02-07-2018,Munsyari,Pithoragarh,Sheraghat Hydro Power Project damaged,"SANDARP, July 21, 2018",0,0,0,1
86,11-07-2018,Seema dwar,Dehradun,"7 people died, 2 were injured and 2 houses collapsed","SANDARP, July 21, 2018",7,0,0,2
87,16-07-2018,Tharali,Chamoli,"2 ropeways, 1 road bridge washed away, 2 cattle died and several mini-hydro projects affected","SANDARP, July 21, 2018",0,0,2,4
88,17-07-2018,Yamunotri,Uttarkashi,The footbridge connecting to the shrine was washed away and Kali Kamli Dharamshala was also severely damaged together with the hot water bath Kunds were filled with debris,Khanduri 2020,0,0,0,2
89,19-07-2018,Joshimath,Chamoli,As many as 2 persons are dead and 5 persons are trapped in the debris and around 150 meters long Joshimath-Malari road stretch is washed away,Khanduri 2020,2,0,0,1
90,02-06-2019,Lam Bagar,Chamoli,1 person died and agricultural land damaged,"SANDARP, December 11, 2019",1,0,0,1
91,02-06-2019,"Khira, Chaukhatiya",Almora,N/A,"SANDARP, December 11, 2019",0,0,0,0
92,21-06-2019,"Market area, Mori",Uttarkashi,1 person was dead and four were injured,"SANDARP, December 11, 2019",1,0,0,0
93,23-06-2019,"Mansari, Thailisain",Pauri Garhwal,N/A,"SANDARP, December 11, 2019",0,0,0,0
94,04-07-2019,"Sari Chamshill, Augustmuni",Rudraprayag,"About 60 m motor road was washed away, the water supply line was damaged and agricultural fields were washed away",Sati 2020,0,0,0,3
95,07-07-2019,Paligarh tributary in Yamunotri,Uttarkashi,"Machines were drowned, a big portion of the road was washed away and forestland damaged",Sati 2020,0,0,0,3
96,06-08-2019,"Pathar Katta, Gairsain",Chamoli,"Damaged 4 cowsheds, 5 bridges, and a school building","SANDARP, December 11, 2019",0,0,4,10
97,06-08-2019,Mayali,Rudraprayag,N/A,"SANDARP, December 11, 2019",0,0,0,0
98,08-08-2019,Padmalla,Chamoli,"About 12 houses, two dozen cow sheds, 6-foot bridges, 10 water mills, water supply lines, and agricultural lands were washed away",Khanduri 2020,0,0,24,49
99,08-08-2019,"Saikot, Dasholi",Chamoli,"killed about 4 people, and 42 cattle and damaged 30 houses, 24 cowsheds","SANDARP, December 11, 2019",4,0,42,54
100,08-08-2019,"Tharti, Bhilangna",Tehri Garhwal,"Many houses were damaged, a transformer and 8 poles were drowned",Sati 2020,0,0,0,10
101,08-08-2019,"Kuledi village, Kriti Nagar",Tehri Garhwal,A bridge was collapsed,Sati 2020,0,0,0,1
102,08-08-2019,"Faldia village, Pindar River Basin",Chamoli,"A total of 12 houses and 8cowsheds were fully damaged, agricultural land and three bridges were washed away",Sati 2020,0,0,8,24
103,08-08-2019,"Maithana village, Alaknanda River Basin",Chamoli,2 houses were collapsed,Sati 2020,0,0,0,2
104,08-08-2019,"Nandgaon, Pathargarh in Purola",Uttarkashi,Agricultural land was washed away and existing crops were damaged,Sati 2020,0,0,0,1
105,12-08-2019,Ghat,Chamoli,N/A,"SANDARP, December 11, 2019",0,0,0,0
106,12-08-2019,"Ali, Ghat",Chamoli,4 people died,Sati 2020,4,0,0,0
107,12-08-2019,"Lankhi, Ghat",Chamoli,2 people died,Sati 2020,2,0,0,0
108,12-08-2019,"Hawel Kulwan, Garud",Bageshwar,N/A,"SANDARP, December 11, 2019",0,0,0,0
109,12-08-2019,Banjbazar,Chamoli,6 people had died and 40 animals were drowned,Sati 2020,6,0,40,0
110,14-08-2019,Bangaan and Mori,Uttarkashi,"Heavy losses of property and agricultural land took place. Among them, 16 shops were damaged.",Sati 2020,0,0,0,16
111,17-08-2019,Sanel village,Uttarkashi,A crusher machine drowned and forest land degraded,Sati 2020,0,0,0,2
112,18-08-2019,"Makudi, Mori",Uttarkashi,"21 persons were killed and 74 animals lost, 2 motor bridges are damaged along with 2 pedestrian bridges",Khanduri 2020,21,0,74,4
113,18-08-2019,"Chauthan, Thailisain",Pauri Garhwal,N/A,"SANDARP, December 11, 2019",0,0,0,0
114,18-08-2019,Makuri,Uttarkashi,17 people died,"SANDARP, December 11, 2019",17,0,0,0
115,18-08-2019,Gaurikund,Rudraprayag,3 bridges were collapsed,Sati 2020,0,0,0,3
116,19-08-2019,"Ralakot and Chirabari villages, Pratap Nagar",Tehri Garhwal,4 houses were damaged and 2 shops were collapsed,Sati 2020,0,0,0,6
117,20-08-2019,Arakot,Uttarkashi,Agricultural land was washed away and existing crops were damaged,Sati 2020,0,0,0,1
118,02-09-2019,"Jajar village, Dhauladevi",Almora,N/A,"SANDARP, December 11, 2019",0,0,0,0
119,06-09-2019,"Kumbhichuad and Rampur (Jamun Srot), Kotdwar",Pauri Garhwal,Several houses were damaged and agricultural land was washed away,Sati 2020,0,0,0,2
120,07-09-2019,"Timtia, Munsyari",Pithoragarh,1 person died,"SANDARP, December 11, 2019",1,0,0,0
121,07-09-2019,Govind Ghat,Chamoli,Several vehicles were buried under debris while about 30 meters stretch of Rishikesh-Badrinath road (NH 58) was completely damaged,Khanduri 2020,0,0,0,2
122,07-09-2019,"Gudam, Tharali",Chamoli,"4 houses were partially damaged, agricultural land was drowned and debris entered into more than 12 houses and cowsheds.",Sati 2020,0,0,12,17
123,07-09-2019,"Dhurma village, Ghat, Mandakini River Basin",Chamoli,Debris entered the middle of the village and damaged many houses and cowsheds and washed away a large proportion of agricultural land,Sati 2020,0,0,0,3
124,08-09-2019,"Dhurma, Ghat",Chamoli,"A house was washed away, while 6 others were damaged, inter-college was damaged and two water mills were washed away","SANDARP, December 11, 2019",0,0,0,10
125,27-09-2019,Clement,Dehradun,15 houses were damaged,"SANDARP, December 11, 2019",0,0,0,15
126,05-04-2020,"Sunara village, Naugaon",Uttarkashi,"Flash floods in local streams damaged irrigation channels, water supply pipes and farmlands","SANDARP, May 10, 2020",0,0,0,3
127,29-04-2020,"Naugaon, Yamuna Valley",Uttarkashi,"Excessive rainfall caused flash floods damaging farmlands, village paths and cowsheds","SANDARP, May 10, 2020",0,0,0,3
128,02-05-2020,Rishikesh (Chandrabhaga river),Haridwar,Sudden flash flood in river surprised locals; unusual pre-monsoon flooding,"SANDARP, May 10, 2020",0,0,0,0
129,03-05-2020,Jaitha & Ghudsal streams,N/A,Flash floods due to heavy rainfall,"SANDARP, May 10, 2020",0,0,0,0
130,05-05-2020,Jakholi block,Rudraprayag,Flash flood in seasonal stream deposited debris and destroyed farmland,"SANDARP, May 10, 2020",0,0,0,2
131,19-07-2020,"Madkot, Tanga villages, Bangapani sub-division",Pithoragarh,A family of 3 were killed and 6 others injured; 11 people were washed away in swollen Gori river; the incident resulting in damage to five houses and killing of cattle.,"SANDARP, October 18, 2020",3,11,1,5
132,19-07-2020,"Jarajibli, Metli, Baram, Devlek, Lumti, Mori villages, Bangapani",Pithoragarh,"two women were killed in a house collapse. The heavy rainfall also triggered landslides causing severe damages in Mori, Upargada, Siling villages. 47 cattle were also reported dead.","SANDARP, October 18, 2020",2,0,47,0
133,28-07-2020,"Pader, Boora villages, Ghat block",Chamoli,A woman was buried alive in Pader village; water current and debris also entered into Boora village damages three cowsheds and few houses.,"SANDARP, October 18, 2020",1,0,0,4
134,09-08-2020,"Gangi village, Bhilagna block",Tehri Garhwal,heavy rainfall in the middle of night resulting in flash floods razing two cow shelters in which 20 cattle were buried to death in the debris and rubble.,"SANDARP, October 18, 2020",0,0,20,2
135,10-08-2020,"Sirwadi village, Jakholi block",Rudraprayag,"7 houses were fully damaged, large area of agriculture was affected. The village roads, main roads, irrigation channel, drinking water supply pipes, electric poles were also washed away","SANDARP, October 18, 2020",0,0,0,13
136,10-08-2020,"Are area, Kapkot tehsil",Bageshwar,"a local stream saw flash flood, dumping huge amount of sludge and debris on farming lands. A home was partially damaged and a cowshed was buried under the muck.","SANDARP, October 18, 2020",0,0,0,2
137,19-08-2020,"Lakhwar dam site, Vikas Nagar tehsil",Dehradun,Following the rainfall a local stream was flooded with sludge and rubble. Portion of a bridge was also damaged in the incident.,"SANDARP, October 18, 2020",0,0,0,1
138,24-08-2020,Tali-Ansari village,Chamoli,A person died and five others got injured after cloudburst hit Tali-Ansari Village in Chamoli district...landslide following the cloud burst damaging a house.,"SANDARP, October 18, 2020",1,0,0,1
139,03-05-2021,"Kumrada, Baldogi, Kamad, Chinyalisaur",Uttarkashi,"flash floods downhill damaging over a dozen homes, shops and vehicles in Kumrada and Baldogi village areas. Several toilets, pathways, potable water supply lines were also damaged; Three cattle were buried;","SANDRAP, June 3, 2021 ",0,0,3,14
140,03-05-2021,"Kandal village, Jaunupar block",Tehri Garhwal,"flash floods in Jheedkhale stream area damaged the homes & wheat crops in Kandal village. The incident damaged drinking water supply lines, roads and farms in the area. Three bikes on Thatyud-Bandachak road were buried under debris.","SANDRAP, June 3, 2021 ",0,0,5,8
141,03-05-2021,"Khankara, Fatehpur, Kotli, Garsari, Narkota villages, Augustmuni & Jakholi",Rudraprayag,flash floods in Chitramati river invading several houses and cowsheds. A Max vehicle was washed away in Alaknanda river. A bike carrying two persons was hit by deluge on Amkoti-Tanyukhar road killing one of the riders.,"SANDRAP, June 3, 2021",1,0,0,3
142,03-05-2021,"Fitadi and Renkcha villages, Mori block",Uttarkashi,"Heavy downpour with lightning killed 40 goats and sheep. Homes and shops damaged in Kamad market area (Gajna, Dunda tehsil).","SANDRP, June 3, 2021",0,0,40,0
143,04-05-2021,"Chinadol Tok, Band Bazar, Ganesh Nagar",Chamoli,About 30 homes and 25 shops in Ghat market flooded with muck and debris; several vehicles trapped,"SANDRP, June 3, 2021",0,0,0,55
144,04-05-2021,"Bainoli village, Jakholi tehsil",Rudraprayag,"Five homes flooded with debris, large area of farmland washed away, village water supply pipeline damaged, Tilwada–Myali road blocked.","SANDRP, June 3, 2021",0,0,0,7
145,05-05-2021,"Ulaini, Siroli, Bhatkot villages, Chaukhutiya tehsil",Almora,"deluge caused significant damages to homes, cowsheds, agricultural land in the area. Two cattle died when a cowshed razed in Siroli village. A car and two bikes were washed away in the deluge","SANDRP, June 3, 2021",0,0,2,5
146,06-05-2021,Pipola (Jakhnidhar block),Tehri Garhwal,"Around 16 homes, 7 drinking water pipelines, 1 school, part of a Panchayat building, 4 water tanks were damaged","SANDRP, June 3, 2021",0,0,0,29
147,06-05-2021,"Jandanu Khirmu, Naugaon tehsil",Uttarkashi,N/A,"SANDRP, June 3, 2021",0,0,0,0
148,11-05-2021,"Shanti Market Area, Devprayag",Tehri Garhwal,destroyed a three-storey ITI building and about 10 shops; pathway and bridge to bus station washed away; water and electricity supply disrupted.,"SANDRP, June 3, 2021",0,0,0,15
149,11-05-2021,"Bonth village, Devprayag block",Tehri Garhwal,"cloud burst incident damaged two homes, three shops, village pathways, drinking water supply lines and Inter College building apart from washing away some farmlands","SANDRP, June 3, 2021",0,0,0,9
150,11-05-2021,"Kyara Village, Narendranagar block",Tehri Garhwal,Three homes damaged due to excessive rainfall.,"SANDRP, June 3, 2021",0,0,0,3
151,12-05-2021,"Bhawali, Ramgarh area",Nainital,"homes, cowsheds and farmland were affected in the incident. The flooded streams dumped huge debris in Kainchi dham temple and Sai temple area damaging some shops there.","SANDRP, June 3, 2021",0,0,0,6
152,20-05-2021,"Bijnad, Chakrata",Dehradun,"three people, two dozen cattle were killed while four others were injured. The cowsheds, dwellings of the people were devastated by debris and downpour resulting in the casualties.","SANDRP, June 3, 2021",3,0,24,2
153,30-05-2021,Bangwadi (Amsera area),Pauri Garhwal,"Three cowsheds, village pathways, and two vehicles damaged; farmland and crops severely affected; flash floods and debris blocked the Srinagar–Pauri road.","SANDRP, June 3, 2021",0,0,0,5
154,01-06-2021,"Dovalya, Ghanat, Jakholi block",Rudraprayag,flash flood spell in Chaka gadera following a cloud burst. A villager described the event as extreme rainfall amid hailstorm.,"SANDRP, October 12, 2021",0,0,0,0
155,10-06-2021,"Dhol area, Maldevta junction",Dehradun,"resultant deluge flooded the Maldevta junction area with massive amount of debris and sludge. The muck also entered several houses, hotels, restaurants in the area and blocked Dwara, PCL roads.","SANDRP, October 12, 2021",0,0,0,3
156,10-06-2021,"Sauni Binsar, Ranikhet tehsil",Almora,"cloud burst causing damages to boundary wall, campus and gate of Swargasharm temple.","SANDRP, October 12, 2021",0,0,0,2
157,12-06-2021,"Sain village, Narkota panchayat, Augustmuni block",Rudraprayag,looding about six homes with debris and muck also damaging some cowsheds and farmlands.,"SANDRP, October 12, 2021",0,0,0,8
158,12-06-2021,"Bhalya village, Bin block",Pithoragarh,"damages to homes, farm crops, drinking water supply lines and local road following a cloud burst incident","SANDRP, October 12, 2021",0,0,0,4
159,18-06-2021,Dharchula town,Pithoragarh,Flood in Kali River; excessive water released from Chirkila dam caused inundation; heavy local damage.,"SANDRP, September 27, 2021",0,0,0,0
160,23-06-2021,"Parsari village, Joshimath block",Chamoli,flash flood in the stream washed away agricultural land; ,"SANDRP, October 12, 2021",0,0,0,1
161,08-07-2021,Tanakpur–Tawaghat Highway,Pithoragarh,"Bridge collapse after heavy flood in Kulgad River, cutting off 50+ villages near Nepal-China border.","SANDRP, September 27, 2021",0,0,0,1
162,18-07-2021,Bhatwari tehsil,Uttarkashi,"three people were killed, three other injured and four went missing. around 14 houses in Kankradi village were damaged while about a dozen homes were flooded with muck in Gangori village. A motor road bridge was washed away at Sada","SANDRP, October 12, 2021",3,4,0,27
163,19-07-2021,"Maid village, Bhilangna block",Tehri Garhwal,portions of seven houses buried under muck and rubble. The muck deluge also affected about 30 naali agricultural land and damaged a foot bridge. One person injured.,"SANDRP, October 12, 2021",0,0,0,8
164,28-07-2021,"Dumdikot village, Thailisain tehsil",Pauri Garhwal,"villagers reported of a cloud burst causing significant destruction to farm lands, crops, village pathways, drinking water sources.","SANDRP, October 12, 2021",0,0,0,3
165,07-08-2021,"Naugaon Chaludi village, Khirsu block",Pauri Garhwal,About 50 cattle died after six cowsheds collapsed in a landslip incident following a cloud burst.,"SANDRP, October 12, 2021",0,0,50,6
166,08-08-2021,"Valley of Flowers, Bamandhon",Chamoli,incident washed away about 20 meter pathways and a foot bridge in Bamandhon near glacier point.,"SANDRP, October 12, 2021",0,0,0,2
167,13-08-2021,"Marchula, Sankar, Jhadgaon, Chimtakhal, Harda",Almora,"several roads leading to Garhwal and Kumaon regions were damaged. Two shops were hit by debris in Marchula and Sankar causing damages to goods. Homes, courtyards, village pathways, drinking water pipelines impacted.","SANDRP, October 12, 2021",0,0,0,5
168,24-08-2021,"Khabadwala, Santla Devi Temple area",Dehradun,More than 40 homes were flooded with sludge and debris after back to back cloud burst,"SANDRP, October 12, 2021",0,0,0,41
169,24-08-2021,"Katal, Timali villages, Narendra Nagar block",Tehri Garhwal,"about 10 homes including the Timali primary school. Crops were damaged on large area and several farmlands were washed away. The flash flood damaged four foot bridges, three potable water sources, electricity poles and village pathways.","SANDRP, October 12, 2021",0,0,0,19
170,26-08-2021,"Juddo, Hathyari, Vikas Nagar tehsil",Dehradun,"several homes, shops were buried underdebris after flash flood spell around mid-night . The downpour also damaged Yamnotri highway severely at several places between Juddo and Lakhwar bend.","SANDRP, October 12, 2021",0,0,0,3
171,27-08-2021,"Gaddha colony, Bhadeli panchayat",Dehradun,The water deluge flooded several homes in Gaddha colony. The farm lands and crops along the Yamuna and Ratoi stream suffered significant damages,"SANDRP, October 12, 2021",0,0,0,2
172,27-08-2021,"Jakhan village, Pashta area, Katapathar",Dehradun,"Following heavy rainfall a home collapsed, killing an elderly villager. Several farmlands of village were filled with silt, sludge destroying the crop. Flash floods in Been stream trapping some 30 villagers which were rescued by SDRF.","SANDRP, October 12, 2021",1,0,0,2
173,27-08-2021,"Chharba, Rudrapur, Langha, Kedarwala, Vikas Nagar",Dehradun,"Flash floods in Shitla river washed away 15 cattle in Chharba and eroded several farmlands. Widespread damages to cowsheds, homes, shops, farmlands, roads in Rudrapur, Langha, Kedarwala, Chharba, Khushalpur, Vikas Nagar, Harbatpur.","SANDRP, October 12, 2021",0,0,15,4
174,27-08-2021,"Majra Kadriyana, Bhitareli village, Mussoorie",Dehradun,cloud burst washing away two cowsheds and causing landslips at half a dozen places in the area.,"SANDRP, October 12, 2021",0,0,0,2
175,27-08-2021,"Maal Devta, Shahastradhara link road, Rani Pokhari",Dehradun,Major part of Maal Devta Shahastradhara link road was engulfed by Baldi river. Rani Pokhari bridge built in 1964 on Jakhan river collapsed damaging several vehicles.,"SANDRP, October 12, 2021",0,0,0,2
176,30-08-2021,"Jumma, Tapovan Colony, Dharchula area",Pithoragarh,"7 houses buried in Jumma; Kali River blocked forming artificial lake; NHPC Tapovan colony submerged (2 floors underwater, 6 buildings damaged); bridge, shops, BRO offices, 100 m road washed away.","SANDRP, October 12, 2021",0,0,0,19
177,07-09-2021,"Syunsal village, Thailisain block",Pauri Garhwal,deluge damaged several farm lands and destroyed crops over 15 nalis belonging to some 18 farmers.,"SANDRP, October 12, 2021",0,0,0,1
178,07-09-2021,Narayanbagad,Chamoli,"cloud burst caused landslide flooding several homes, shops and cowsheds with debris in the area.","SANDRP, October 12, 2021",0,0,0,3
179,09-09-2021,Sirobagad area,Rudraprayag,Several vehicles were damaged on Badrinath national highway. Two people went missing after a diesel truck fell into the Alaknanda river. About 1km long highway stretch was blocked by debris.,"SANDRP, October 12, 2021",0,2,0,2
180,20-09-2021,"Panti area, Narayanbagad",Chamoli,flash flood in Mangrigad stream damaging seven huts belonging to migrant workers. The muck sludge trapped several vehicles and blocked Karanprayag-Gwaldam road. One female worker suffered some injuries.,"SANDRP, October 12, 2021",0,0,0,9
181,21-08-2021,"Harkot village, Munsyari",Pithoragarh,a part of steep hill detached close to confluence of Ritha and Harkot streams creating an artificial lake. The incident created flash flood threat to about 3000 population living in downstream areas.,"SANDRP, October 12, 2021",0,0,0,0
182,07-05-2022,"Bohrakun village, Bhimtal block",Nainital,https://sandrp.in/2022/10/27/uttarakhand-cloud-burst-2022-road-debris-drainage-encroachment-magnify-destruction/,"SANDRP, October 27, 2022",0,0,1,2
183,10-05-2022,"Papoli village, Nakuri patti, Kapkot tehsil",Bageshwar,https://sandrp.in/2022/10/27/uttarakhand-cloud-burst-2022-road-debris-drainage-encroachment-magnify-destruction/,"SANDRP, October 27, 2022",0,0,0,7
184,05-07-2022,"Rastadi, Mori market, Kedarkantha, Nagaon block",Uttarkashi,https://sandrp.in/2022/10/27/uttarakhand-cloud-burst-2022-road-debris-drainage-encroachment-magnify-destruction/,"SANDRP, October 27, 2022",0,0,0,5
185,08-07-2022,"2022Munar, Rikhadi, Shama areas, Luhar Valley, Garud block",Bageshwar,https://sandrp.in/2022/10/27/uttarakhand-cloud-burst-2022-road-debris-drainage-encroachment-magnify-destruction/,"SANDRP, October 27, 2022",0,0,0,11
186,08-07-2022,"Chuthrapni, Sainranthi, Munsiyari",Pithoragarh,https://sandrp.in/2022/10/27/uttarakhand-cloud-burst-2022-road-debris-drainage-encroachment-magnify-destruction/,"SANDRP, October 27, 2022",0,0,0,1
187,09-07-2022,Haldwani city,Nainital,https://sandrp.in/2022/10/27/uttarakhand-cloud-burst-2022-road-debris-drainage-encroachment-magnify-destruction/,"SANDRP, October 27, 2022",0,0,0,1804
188,14-07-2022,"Lohari, Lokhandi villages, Chakrata tehsil",Dehradun,https://sandrp.in/2022/10/27/uttarakhand-cloud-burst-2022-road-debris-drainage-encroachment-magnify-destruction/,"SANDRP, October 27, 2022",0,0,3,1
189,20-07-2022,"Valley of Flowers, Ghangariya, Joshimath",Chamoli,https://sandrp.in/2022/10/27/uttarakhand-cloud-burst-2022-road-debris-drainage-encroachment-magnify-destruction/,"SANDRP, October 27, 2022",0,0,0,1
190,30-07-2022,"Jhimir village, Sobla area, Dharchula tehsil",Pithoragarh,https://sandrp.in/2022/10/27/uttarakhand-cloud-burst-2022-road-debris-drainage-encroachment-magnify-destruction/,"SANDRP, October 27, 2022",0,0,0,1
191,30-07-2022,"Bhararisain, Gairsain",Chamoli,https://sandrp.in/2022/10/27/uttarakhand-cloud-burst-2022-road-debris-drainage-encroachment-magnify-destruction/,"SANDRP, October 27, 2022",0,0,0,101
192,01-08-2022,"Jogadi, Ritpura village, Srinagar tehsil",Pauri Garhwal,https://sandrp.in/2022/10/27/uttarakhand-cloud-burst-2022-road-debris-drainage-encroachment-magnify-destruction/,"SANDRP, October 27, 2022",0,0,0,200
193,09-08-2022,"Chhinka village, Augustmuni block",Rudraprayag,https://sandrp.in/2022/10/27/uttarakhand-cloud-burst-2022-road-debris-drainage-encroachment-magnify-destruction/,"SANDRP, October 27, 2022",0,0,3,8
194,10-08-2022,"Agarchatti Basti, Gairsain tehsil",Chamoli,https://sandrp.in/2022/10/27/uttarakhand-cloud-burst-2022-road-debris-drainage-encroachment-magnify-destruction/,"SANDRP, October 27, 2022",0,0,0,13
195,11-08-2022,"Purola town & market, Naugaon, Purola tehsil",Uttarkashi,https://sandrp.in/2022/10/27/uttarakhand-cloud-burst-2022-road-debris-drainage-encroachment-magnify-destruction/,"SANDRP, October 27, 2022",0,0,0,12
196,11-08-2022,"Gaideta village, Chapnu, Kalsi area",Dehradun,https://sandrp.in/2022/10/27/uttarakhand-cloud-burst-2022-road-debris-drainage-encroachment-magnify-destruction/,"SANDRP, October 27, 2022",0,0,0,7
197,20-08-2022,"Sarkhet, Maldevta, Bhutsi and nearby villages, Raipur area",Dehradun,https://sandrp.in/2022/10/27/uttarakhand-cloud-burst-2022-road-debris-drainage-encroachment-magnify-destruction/,"SANDRP, October 27, 2022",3,2,0,42
198,20-08-2022,"Gwad tok, Kumalda, Dhanolti tehsil",Tehri Garhwal,https://sandrp.in/2022/10/27/uttarakhand-cloud-burst-2022-road-debris-drainage-encroachment-magnify-destruction/,"SANDRP, October 27, 2022",2,5,0,4
199,20-08-2022,"Sera, Saundani, Bhavakatal, Gwali Danda, Kund, Kokiyal villages, Dhanolti tehsil",Tehri Garhwal,https://sandrp.in/2022/10/27/uttarakhand-cloud-burst-2022-road-debris-drainage-encroachment-magnify-destruction/,"SANDRP, October 27, 2022",0,0,33,33
200,20-08-2022,"Mandar village, Malyakot panchayat, Ghansali tehsil",Tehri Garhwal,https://sandrp.in/2022/10/27/uttarakhand-cloud-burst-2022-road-debris-drainage-encroachment-magnify-destruction/,"SANDRP, October 27, 2022",0,0,0,2
201,20-08-2022,"Palyapatal, Malli Ringoli, Bariyargarh, Kirtinagar block",Tehri Garhwal,https://sandrp.in/2022/10/27/uttarakhand-cloud-burst-2022-road-debris-drainage-encroachment-magnify-destruction/,"SANDRP, October 27, 2022",1,0,0,4
202,20-08-2022,"Binak, Divogi, Kandrah, Avai, Pamba, Bairagarh villages, Yamkeshwar tehsil",Pauri Garhwal,https://sandrp.in/2022/10/27/uttarakhand-cloud-burst-2022-road-debris-drainage-encroachment-magnify-destruction/,"SANDRP, October 27, 2022",1,0,13,5
203,24-08-2022,"Gharad, Tanyukhar villages, Jakholi block",Rudraprayag,https://sandrp.in/2022/10/27/uttarakhand-cloud-burst-2022-road-debris-drainage-encroachment-magnify-destruction/,"SANDRP, October 27, 2022",0,0,0,7
204,24-08-2022,"Chirbatiya village, Ghansali tehsil",Tehri Garhwal,https://sandrp.in/2022/10/27/uttarakhand-cloud-burst-2022-road-debris-drainage-encroachment-magnify-destruction/,"SANDRP, October 27, 2022",0,0,0,6
205,10-09-2022,"Khotila-Vyasnagar village, Dharchula tehsil",Pithoragarh,https://sandrp.in/2022/10/27/uttarakhand-cloud-burst-2022-road-debris-drainage-encroachment-magnify-destruction/,"SANDRP, October 27, 2022",1,0,0,97
206,25-09-2022,"Udpalta, Sahiya Chhani, Amlava river area, Chakrata",Dehradun,https://sandrp.in/2022/10/27/uttarakhand-cloud-burst-2022-road-debris-drainage-encroachment-magnify-destruction/,"SANDRP, October 27, 2022",0,0,6,13
207,09-10-2022,"Kankhola village, Munakot block",Pithoragarh,https://sandrp.in/2022/10/27/uttarakhand-cloud-burst-2022-road-debris-drainage-encroachment-magnify-destruction/,"SANDRP, October 27, 2022",0,0,0,2
208,24-06-2023,"Painka village, Joshimath",Chamoli,https://sandrp.in/2023/10/18/uttarakhand-cloudbursts-in-sw-monsoon-2023/,"SANDRP, October 18, 2023",0,0,0,52
209,06-07-2023,"Chal village, Dharchula",Pithoragarh,https://sandrp.in/2023/10/18/uttarakhand-cloudbursts-in-sw-monsoon-2023/,"SANDRP, October 18, 2023",0,0,0,1
210,10-07-2023,"Jumma, Joshimath",Chamoli,https://sandrp.in/2023/10/18/uttarakhand-cloudbursts-in-sw-monsoon-2023/,"SANDRP, October 18, 2023",0,0,0,1
211,15-07-2023,"Ungiya village, Kapkot",Bageshwar,https://sandrp.in/2023/10/18/uttarakhand-cloudbursts-in-sw-monsoon-2023/,"SANDRP, October 18, 2023",0,0,0,0
212,18-07-2023,"Badiyakot, Kapkot",Bageshwar,https://sandrp.in/2023/10/18/uttarakhand-cloudbursts-in-sw-monsoon-2023/,"SANDRP, October 18, 2023",0,0,0,2
213,18-07-2023,"Gunji-Kalapani, Dharchula",Pithoragarh,https://sandrp.in/2023/10/18/uttarakhand-cloudbursts-in-sw-monsoon-2023/,"SANDRP, October 18, 2023",0,0,0,2
214,20-07-2023,"Rauli village, Thalisain",Pauri Garhwal,https://sandrp.in/2023/10/18/uttarakhand-cloudbursts-in-sw-monsoon-2023/,"SANDRP, October 18, 2023",0,0,12,12
215,22-07-2023,"Jarajibli, Bangapani",Pithoragarh,https://sandrp.in/2023/10/18/uttarakhand-cloudbursts-in-sw-monsoon-2023/,"SANDRP, October 18, 2023",0,0,0,4
216,22-07-2023,"Purola, Badkot, Dunda",Uttarkashi,https://sandrp.in/2023/10/18/uttarakhand-cloudbursts-in-sw-monsoon-2023/,"SANDRP, October 18, 2023",0,0,0,13
217,01-08-2023,"Amigarhi & Daun Parewa, Kotabagh",Nainital,https://sandrp.in/2023/10/18/uttarakhand-cloudbursts-in-sw-monsoon-2023/,"SANDRP, October 18, 2023",0,0,0,54
218,05-08-2023,"Bameru & Syun villages, Dasholi",Chamoli,https://sandrp.in/2023/10/18/uttarakhand-cloudbursts-in-sw-monsoon-2023/,"SANDRP, October 18, 2023",0,0,0,3
219,06-08-2023,"Naula & Gwad, Joshimath",Chamoli,https://sandrp.in/2023/10/18/uttarakhand-cloudbursts-in-sw-monsoon-2023/,"SANDRP, October 18, 2023",0,0,0,7
220,08-08-2023,"Kandi village, Yamkeshwar",Pauri Garhwal,https://sandrp.in/2023/10/18/uttarakhand-cloudbursts-in-sw-monsoon-2023/,"SANDRP, October 18, 2023",0,0,8,6
221,08-08-2023,"Aamsaur, Kotdwar",Pauri Garhwal,https://sandrp.in/2023/10/18/uttarakhand-cloudbursts-in-sw-monsoon-2023/,"SANDRP, October 18, 2023",0,0,0,206
222,08-08-2023,Kathgodam,Nainital,https://sandrp.in/2023/10/18/uttarakhand-cloudbursts-in-sw-monsoon-2023/,"SANDRP, October 18, 2023",0,0,0,8
223,11-08-2023,"Byunkhi village, Ukhimath",Rudraprayag,https://sandrp.in/2023/10/18/uttarakhand-cloudbursts-in-sw-monsoon-2023/,"SANDRP, October 18, 2023",0,0,0,5
224,13-08-2023,"Chhani camp, Kedarnath",Rudraprayag,https://sandrp.in/2023/10/18/uttarakhand-cloudbursts-in-sw-monsoon-2023/,"SANDRP, October 18, 2023",1,1,0,2
225,13-08-2023,"Pakhi, Pipalkoti, Mayapur, Joshimath",Chamoli,https://sandrp.in/2023/10/18/uttarakhand-cloudbursts-in-sw-monsoon-2023/,"SANDRP, October 18, 2023",1,1,0,38
226,13-08-2023,"Kunj Pothani & Kana, Dasholi",Chamoli,https://sandrp.in/2023/10/18/uttarakhand-cloudbursts-in-sw-monsoon-2023/,"SANDRP, October 18, 2023",0,0,0,6
227,13-08-2023,"Ratgaon, Paingarh, Tharali",Chamoli,https://sandrp.in/2023/10/18/uttarakhand-cloudbursts-in-sw-monsoon-2023/,"SANDRP, October 18, 2023",0,0,4,19
228,14-08-2023,"Shivpuri, Srinagar",Rudraprayag,https://sandrp.in/2023/11/15/nov-2023-uttarakhand-barkot-silkyara-tunnel-disaster-where-is-rescue-plan/,"SANDRP, November 15, 2023",0,0,0,1
229,14-08-2023,"Dachanu, Mori",Uttarkashi,https://sandrp.in/2023/10/18/uttarakhand-cloudbursts-in-sw-monsoon-2023/,"SANDRP, October 18, 2023",1,0,16,7
230,16-08-2023,"Ratgaon, Tharali",Chamoli,https://sandrp.in/2023/10/18/uttarakhand-cloudbursts-in-sw-monsoon-2023/,"SANDRP, October 18, 2023",0,0,0,4
231,18-08-2023,"Bulainu village, Bironkhal",Pauri Garhwal,https://sandrp.in/2023/10/18/uttarakhand-cloudbursts-in-sw-monsoon-2023/,"SANDRP, October 18, 2023",0,0,0,5
232,15-09-2023,"Aukhlyun, Mohan Dhai, Syaldey",Almora,https://sandrp.in/2023/10/18/uttarakhand-cloudbursts-in-sw-monsoon-2023/,"SANDRP, October 18, 2023",0,0,0,9
233,06-07-2024,Badrinath National Highway; Lambagarh; Khachra Nala,Chamoli,Heavy monsoon onset rains caused Alaknanda tributary overflow; Flash flood swept debris onto highway blocking pilgrim transit; 2 commercial kiosks destroyed,SEOC Daily Situation Report (July 2024),0,0,0,1
234,11-07-2024,Dhapa; Munsiari,Pithoragarh,Cloudburst caused localized flash flood in seasonal streams; 1 suspension footbridge washed away; Agricultural retaining walls breached,SDC Foundation Climate Log (2024),0,0,2,0
235,31-07-2024,Lyncholi; Bhimbali; Gaurikund; Kedarnath Route,Rudraprayag,Mandakini River rose past danger level; 30 meters of walking route washed away; Concrete bridge and footbridges destroyed; 10000+ pilgrims stranded and airlifted,SEOC / Sphere India SitRep (2024),2,16,0,2
236,31-07-2024,Bal Ganga; Budhakedar; Thati,Tehri Garhwal,Severe cloudburst and landslides; Ghansali-Kedarnath road bridge collapsed; Debris flow forced evacuation of families in Thati village,SEOC / Sphere India SitRep (2024),2,0,0,3
237,31-07-2024,Jankichatti; Yamunotri Pedestrian Route,Uttarkashi,Cloudburst triggered Yamuna flash floods; Security wall of temple and registration center damaged; 105 trekkers trapped by landslide on Madhyamaheshwar route,New Indian Express / SEOC (2024),0,0,3,1
238,31-07-2024,Roorkee; Haridwar Rural,Haridwar,Extreme single-day rainfall breaking 40-year record (242 mm); Structural vulnerabilities triggered house roof collapse; Electrocution incidents reported in city limits,SDRF Uttarakhand / UDAAI Report (2024),4,0,0,1
239,31-07-2024,Sahastradhara; Sahaspur,Dehradun,Heavy rainfall breaking 58-year record (175 mm); Extreme flash flooding in local seasonal rivers; Casualties drowned after being swept away in swelled currents,SDRF Uttarakhand / UDAAI Report (2024),3,0,0,0
240,01-08-2024,Gochar,Chamoli,Severe downpour triggered structural failure; House collapsed completely trapping occupants under debris,SDRF Uttarakhand / UDAAI Report (2024),1,0,0,1
241,10-08-2024,SMS Hospital area; Kotdwara,Pauri Garhwal,Extreme torrential downpour caused Paniyali stream to breach banks; Flash flood water and mud entered hospital basement and surrounding 40 residential houses,Times of India / SDRF Report (2024),1,0,0,40
242,21-08-2024,Gadoli; Pauri town,Pauri Garhwal,Cloudburst over ridge triggered flash mudflow down slopes; Debris entered secondary school building and heavily damaged 3 boundary walls,SEOC Monsoon Report (2024),0,0,0,3
243,12-09-2024,Tharali; Ghat,Chamoli,Late monsoon cloudburst caused Pranmati river flash flood; Low-lying riverside farmlands inundated; 4 structural collapses reported,SANDRP Monsoon Review (2024),2,0,5,4
244,05-08-2025,Dharali Village,Uttarkashi,footage from isro showing over 130 buildings directly hit by the disaster; 61 fatalities; 84 missing; 94 injured,sciencedirect and the times of india,61,84,0,131
245,05-08-2025,Harsil Army Camp; Helipad area,Uttarkashi,"High-altitude landslide and channelized mudflow from rock slope failure; Damaged military barracks, infrastructure, and part of the active helipad",SDRF Uttarakhand / Hindustan Times (2025),0,11,0,5
246,05-08-2025,Sukhi Top; Gangnani,Uttarkashi,Secondary cloudburst triggered downstream flash floods; Gangnani Bridge collapsed entirely; Restricting vehicle access and isolating local populations,DDMA Authority / ReliefWeb SitRep (2025),0,0,0,2
247,05-08-2025,Sukhi Top; Gangnani,Uttarkashi,Flash flood in local seasonal stream channel; Destroyed pastoral livelihoods by sweeping away livestock herds,Sphere India Situation Report (2025),0,0,18,0
248,06-08-2025,Thalisain block; Ghandikhata village,Pauri Garhwal,West Nayyar River overflowed due to continuous heavy rainfall; 2 critical connecting footbridges washed away; Low-lying residential areas waterlogged,Sphere India SitRep 1 (Aug 2025),0,0,0,2
249,15-09-2025,Sahastradhara; Maldevta; Raipur,Dehradun,Catastrophic cloudburst; Extreme rainfall breaking records (192 mm); Widespread landslides; Over 900 people displaced or evacuated; 13 bridges heavily damaged,Sphere India SitRep 1 (Aug 2025),13,16,0,21
250,15-09-2025,Champawat town rural belts,Champawat,Intense cloudburst and heavy lightning storms; Complete road submergence due to mudslides; Agricultural fields heavily silted,Disaster Management Authority (2025),0,0,0,5
251,16-09-2025,Local stream catchment area,Pithoragarh,Severe monsoonal downpour caused local river networks to swell rapidly; Landslide triggered structural collapse of an older residential unit,Sphere India / SEOC (2025),1,0,0,1
252,16-09-2025,Nainital rural slopes,Nainital,Moderate-severity cloudburst; Torrential rain triggered mudflow down slopes; Blocked major connecting routes and damaged road embankments,Sphere India SitRep 01 (Sept 2025),1,0,0,0
